"saver_img_url","origin_img_url"
"https://d2rzb4l4v26llp.cloudfront.net/1831210197163442176_1725429912727_52117","https://d2rzb4l4v26llp.cloudfront.net/1831210197163442176_1725429932083_55287"
"https://d2rzb4l4v26llp.cloudfront.net/1820613291089592320_1723836774826_19116","https://d2rzb4l4v26llp.cloudfront.net/1820613291089592320_1725430404922_97559"
"https://d2rzb4l4v26llp.cloudfront.net/1817658203664547840_1725429000625_73777","https://d2rzb4l4v26llp.cloudfront.net/1817658203664547840_1725430275412_6264"
"https://d2rzb4l4v26llp.cloudfront.net/1820424732667813888_1725389498582_52542","https://d2rzb4l4v26llp.cloudfront.net/1820424732667813888_1725430183411_23837"
"https://d2rzb4l4v26llp.cloudfront.net/1803616339848331264_1725264220774_8760","https://d2rzb4l4v26llp.cloudfront.net/1803616339848331264_1725429546340_58352"
"https://d2rzb4l4v26llp.cloudfront.net/1809269816943443968_1725428176708_55643","https://d2rzb4l4v26llp.cloudfront.net/1809269816943443968_1725429470183_4122"
"https://d2rzb4l4v26llp.cloudfront.net/1821546661202116608_1725316271945_81856","https://d2rzb4l4v26llp.cloudfront.net/1821546661202116608_1725429414750_86948"
"https://d2rzb4l4v26llp.cloudfront.net/1826172640314789888_1725429406857_78495","https://d2rzb4l4v26llp.cloudfront.net/1826172640314789888_1725429414504_61290"
"https://d2rzb4l4v26llp.cloudfront.net/1818058567819735040_1725426748890_63565","https://d2rzb4l4v26llp.cloudfront.net/1818058567819735040_1725426824122_2761"
"https://d2rzb4l4v26llp.cloudfront.net/1830332116081057792_1725429136452_33701","https://d2rzb4l4v26llp.cloudfront.net/1830332116081057792_1725429342485_15031"
"https://d2rzb4l4v26llp.cloudfront.net/1825889373233618944_1725423431831_31945","https://d2rzb4l4v26llp.cloudfront.net/1825889373233618944_1725429285534_65015"
"https://d2rzb4l4v26llp.cloudfront.net/1823977174504308736_1725428277198_2785","https://d2rzb4l4v26llp.cloudfront.net/1823977174504308736_1725428283189_55412"
"https://d2rzb4l4v26llp.cloudfront.net/1816241374727507968_1721866027640_86712","https://d2rzb4l4v26llp.cloudfront.net/1816241374727507968_1725428229641_21250"
"https://d2rzb4l4v26llp.cloudfront.net/1829803290297106432_1725422937057_75695","https://d2rzb4l4v26llp.cloudfront.net/1829803290297106432_1725427831947_59480"
"https://d2rzb4l4v26llp.cloudfront.net/1831202128408870912_1725427642717_17198","https://d2rzb4l4v26llp.cloudfront.net/1831202128408870912_1725427694417_25464"
"https://d2rzb4l4v26llp.cloudfront.net/1809269816943443968_1725374812243_17180","https://d2rzb4l4v26llp.cloudfront.net/1809269816943443968_1725427618909_37856"
"https://d2rzb4l4v26llp.cloudfront.net/1826500856661422080_1725235891704_26782","https://d2rzb4l4v26llp.cloudfront.net/1826500856661422080_1725427152608_9120"
"https://d2rzb4l4v26llp.cloudfront.net/1830722743385980928_1725313370500_47760","https://d2rzb4l4v26llp.cloudfront.net/1830722743385980928_1725427050347_35879"
"https://d2rzb4l4v26llp.cloudfront.net/1819483066192629760_1725426872281_4635","https://d2rzb4l4v26llp.cloudfront.net/1819483066192629760_1725426978392_13979"
"https://d2rzb4l4v26llp.cloudfront.net/1820342277764030464_1725426287987_87005","https://d2rzb4l4v26llp.cloudfront.net/1820342277764030464_1725426619668_1814"
"https://d2rzb4l4v26llp.cloudfront.net/1824228605308190720_1725426581363_87240","https://d2rzb4l4v26llp.cloudfront.net/1824228605308190720_1725426593862_56544"
"https://d2rzb4l4v26llp.cloudfront.net/1818058567819735040_1725426347413_59765","https://d2rzb4l4v26llp.cloudfront.net/1818058567819735040_1725426352431_19408"
"https://d2rzb4l4v26llp.cloudfront.net/1821303559715557376_1725426285067_2622","https://d2rzb4l4v26llp.cloudfront.net/1821303559715557376_1725426295231_58334"
"https://d2rzb4l4v26llp.cloudfront.net/1820342277764030464_1725426132420_44745","https://d2rzb4l4v26llp.cloudfront.net/1820342277764030464_1725426249759_45308"
"https://d2rzb4l4v26llp.cloudfront.net/1800970858487881728_1725310195005_84256","https://d2rzb4l4v26llp.cloudfront.net/1800970858487881728_1725426192865_48163"
"https://d2rzb4l4v26llp.cloudfront.net/1806910310980784128_1721601345138_64423","https://d2rzb4l4v26llp.cloudfront.net/1806910310980784128_1725426130633_50146"
"https://d2rzb4l4v26llp.cloudfront.net/1820342277764030464_1725422267942_86346","https://d2rzb4l4v26llp.cloudfront.net/1820342277764030464_1725426061660_59181"
"https://d2rzb4l4v26llp.cloudfront.net/1831129657294979072_1725425768531_31966","https://d2rzb4l4v26llp.cloudfront.net/1831129657294979072_1725425968898_36770"
"https://d2rzb4l4v26llp.cloudfront.net/1826736078900432896_1724362842308_96399","https://d2rzb4l4v26llp.cloudfront.net/1826736078900432896_1725425878590_10332"
"https://d2rzb4l4v26llp.cloudfront.net/1830998562909978624_1725425578555_2691","https://d2rzb4l4v26llp.cloudfront.net/1830998562909978624_1725425603795_70208"
"https://d2rzb4l4v26llp.cloudfront.net/1818058567819735040_1725413707659_2869","https://d2rzb4l4v26llp.cloudfront.net/1818058567819735040_1725425557952_72780"
"https://d2rzb4l4v26llp.cloudfront.net/1830998562909978624_1725379149389_7699","https://d2rzb4l4v26llp.cloudfront.net/1830998562909978624_1725425541846_1342"
"https://d2rzb4l4v26llp.cloudfront.net/1804317383448334336_1721954232064_96447","https://d2rzb4l4v26llp.cloudfront.net/1804317383448334336_1725425374033_75088"
"https://d2rzb4l4v26llp.cloudfront.net/1824379409696567296_1724474379275_69472","https://d2rzb4l4v26llp.cloudfront.net/1824379409696567296_1725425306364_44605"
"https://d2rzb4l4v26llp.cloudfront.net/1824228605308190720_1725421477072_83458","https://d2rzb4l4v26llp.cloudfront.net/1824228605308190720_1725425276461_210"
"https://d2rzb4l4v26llp.cloudfront.net/1830987345654976512_1725376556472_35380","https://d2rzb4l4v26llp.cloudfront.net/1830987345654976512_1725424990921_39996"
"https://d2rzb4l4v26llp.cloudfront.net/1821303559715557376_1725424513425_77845","https://d2rzb4l4v26llp.cloudfront.net/1821303559715557376_1725424516083_61665"
"https://d2rzb4l4v26llp.cloudfront.net/1799250583744413696_1725208191818_7058","https://d2rzb4l4v26llp.cloudfront.net/1799250583744413696_1725424413974_49935"
"https://d2rzb4l4v26llp.cloudfront.net/1829335805928153088_1725423664559_79791","https://d2rzb4l4v26llp.cloudfront.net/1829335805928153088_1725424352703_80316"
"https://d2rzb4l4v26llp.cloudfront.net/1821303559715557376_1725424119815_73663","https://d2rzb4l4v26llp.cloudfront.net/1821303559715557376_1725424126794_299"
"https://d2rzb4l4v26llp.cloudfront.net/1811070324184186880_1725424086927_77855","https://d2rzb4l4v26llp.cloudfront.net/1811070324184186880_1725424091419_42179"
"https://d2rzb4l4v26llp.cloudfront.net/1811070324184186880_1725424011068_20428","https://d2rzb4l4v26llp.cloudfront.net/1811070324184186880_1725424061996_49671"
"https://d2rzb4l4v26llp.cloudfront.net/1821303559715557376_1725424016467_72832","https://d2rzb4l4v26llp.cloudfront.net/1821303559715557376_1725424018982_60375"
"https://d2rzb4l4v26llp.cloudfront.net/1821303559715557376_1725407144091_51439","https://d2rzb4l4v26llp.cloudfront.net/1821303559715557376_1725423985754_76877"
"https://d2rzb4l4v26llp.cloudfront.net/1811070324184186880_1725423978287_10591","https://d2rzb4l4v26llp.cloudfront.net/1811070324184186880_1725423983767_95300"
"https://d2rzb4l4v26llp.cloudfront.net/1811070324184186880_1725423922491_84410","https://d2rzb4l4v26llp.cloudfront.net/1811070324184186880_1725423932135_18189"
"https://d2rzb4l4v26llp.cloudfront.net/1811070324184186880_1725423751927_32736","https://d2rzb4l4v26llp.cloudfront.net/1811070324184186880_1725423757995_20972"
"https://d2rzb4l4v26llp.cloudfront.net/1811070324184186880_1725423702071_68798","https://d2rzb4l4v26llp.cloudfront.net/1811070324184186880_1725423708967_16616"
"https://d2rzb4l4v26llp.cloudfront.net/1811070324184186880_1725423651971_89955","https://d2rzb4l4v26llp.cloudfront.net/1811070324184186880_1725423656541_88589"
"https://d2rzb4l4v26llp.cloudfront.net/1811070324184186880_1725423544048_55174","https://d2rzb4l4v26llp.cloudfront.net/1811070324184186880_1725423591223_54581"
"https://d2rzb4l4v26llp.cloudfront.net/1811070324184186880_1725423512445_52724","https://d2rzb4l4v26llp.cloudfront.net/1811070324184186880_1725423516533_54095"
"https://d2rzb4l4v26llp.cloudfront.net/1811070324184186880_1725423465419_80045","https://d2rzb4l4v26llp.cloudfront.net/1811070324184186880_1725423469947_96284"
"https://d2rzb4l4v26llp.cloudfront.net/1811070324184186880_1725423409911_71131","https://d2rzb4l4v26llp.cloudfront.net/1811070324184186880_1725423416327_78692"
"https://d2rzb4l4v26llp.cloudfront.net/1811070324184186880_1725414695700_35707","https://d2rzb4l4v26llp.cloudfront.net/1811070324184186880_1725423389072_91653"
"https://d2rzb4l4v26llp.cloudfront.net/1825889373233618944_1725423213960_22288","https://d2rzb4l4v26llp.cloudfront.net/1825889373233618944_1725423364010_89996"
"https://d2rzb4l4v26llp.cloudfront.net/1831183629951176704_1725423214868_29940","https://d2rzb4l4v26llp.cloudfront.net/1831183629951176704_1725423250931_74909"
"https://d2rzb4l4v26llp.cloudfront.net/1831176342603825152_1725423201382_15982","https://d2rzb4l4v26llp.cloudfront.net/1831176342603825152_1725423243834_38486"
"https://d2rzb4l4v26llp.cloudfront.net/1831182496876728320_1725423095925_97343","https://d2rzb4l4v26llp.cloudfront.net/1831182496876728320_1725423106454_94412"
"https://d2rzb4l4v26llp.cloudfront.net/1825889373233618944_1725423142389_98087","https://d2rzb4l4v26llp.cloudfront.net/1825889373233618944_1725423149921_66101"
"https://d2rzb4l4v26llp.cloudfront.net/1825889373233618944_1725422992400_54236","https://d2rzb4l4v26llp.cloudfront.net/1825889373233618944_1725423087597_21971"
"https://d2rzb4l4v26llp.cloudfront.net/1823433920004227072_1723575551552_98199","https://d2rzb4l4v26llp.cloudfront.net/1823433920004227072_1725423048931_66828"
"https://d2rzb4l4v26llp.cloudfront.net/1825889373233618944_1725422905499_50925","https://d2rzb4l4v26llp.cloudfront.net/1825889373233618944_1725422954050_66009"
"https://d2rzb4l4v26llp.cloudfront.net/1831181767504035840_1725422847993_63411","https://d2rzb4l4v26llp.cloudfront.net/1831181767504035840_1725422862970_80692"
"https://d2rzb4l4v26llp.cloudfront.net/1825889373233618944_1725422743826_6126","https://d2rzb4l4v26llp.cloudfront.net/1825889373233618944_1725422845960_34718"
"https://d2rzb4l4v26llp.cloudfront.net/1831173226680553472_1725421194541_88074","https://d2rzb4l4v26llp.cloudfront.net/1831173226680553472_1725422744507_26629"
"https://d2rzb4l4v26llp.cloudfront.net/1825889373233618944_1725422699542_10003","https://d2rzb4l4v26llp.cloudfront.net/1825889373233618944_1725422707297_19495"
"https://d2rzb4l4v26llp.cloudfront.net/1825889373233618944_1725422461083_21674","https://d2rzb4l4v26llp.cloudfront.net/1825889373233618944_1725422666019_33199"
"https://d2rzb4l4v26llp.cloudfront.net/1806440978014289920_1723096171581_46270","https://d2rzb4l4v26llp.cloudfront.net/1806440978014289920_1725422561196_49636"
"https://d2rzb4l4v26llp.cloudfront.net/1831178195773165568_1725422279390_94120","https://d2rzb4l4v26llp.cloudfront.net/1831178195773165568_1725422320301_85031"
"https://d2rzb4l4v26llp.cloudfront.net/1820342277764030464_1725422187072_32611","https://d2rzb4l4v26llp.cloudfront.net/1820342277764030464_1725422205718_1614"
"https://d2rzb4l4v26llp.cloudfront.net/1831178369207635968_1725422033259_5948","https://d2rzb4l4v26llp.cloudfront.net/1831178369207635968_1725422120726_69392"
"https://d2rzb4l4v26llp.cloudfront.net/1820342277764030464_1725397184600_33640","https://d2rzb4l4v26llp.cloudfront.net/1820342277764030464_1725422142768_14824"
"https://d2rzb4l4v26llp.cloudfront.net/1825889373233618944_1725422002247_64818","https://d2rzb4l4v26llp.cloudfront.net/1825889373233618944_1725422009753_190"
"https://d2rzb4l4v26llp.cloudfront.net/1831171465689436160_1725421695272_14732","https://d2rzb4l4v26llp.cloudfront.net/1831171465689436160_1725421793267_30500"
"https://d2rzb4l4v26llp.cloudfront.net/1828468450410905600_1725421437511_36615","https://d2rzb4l4v26llp.cloudfront.net/1828468450410905600_1725421717350_69857"
"https://d2rzb4l4v26llp.cloudfront.net/1829335805928153088_1724986163052_64574","https://d2rzb4l4v26llp.cloudfront.net/1829335805928153088_1725421022254_28410"
"https://d2rzb4l4v26llp.cloudfront.net/1824228605308190720_1725421387154_56911","https://d2rzb4l4v26llp.cloudfront.net/1824228605308190720_1725421401709_47588"
"https://d2rzb4l4v26llp.cloudfront.net/1831171500703485952_1725421324004_98133","https://d2rzb4l4v26llp.cloudfront.net/1831171500703485952_1725421331786_73874"
"https://d2rzb4l4v26llp.cloudfront.net/1819134920212090880_1725304707416_36298","https://d2rzb4l4v26llp.cloudfront.net/1819134920212090880_1725421222771_91672"
"https://d2rzb4l4v26llp.cloudfront.net/1831171500703485952_1725421271569_30057","https://d2rzb4l4v26llp.cloudfront.net/1831171500703485952_1725421286064_78788"
"https://d2rzb4l4v26llp.cloudfront.net/1824228605308190720_1725417065027_78845","https://d2rzb4l4v26llp.cloudfront.net/1824228605308190720_1725421153078_7438"
"https://d2rzb4l4v26llp.cloudfront.net/1818483659066322944_1725420996308_11406","https://d2rzb4l4v26llp.cloudfront.net/1818483659066322944_1725421145221_97796"
"https://d2rzb4l4v26llp.cloudfront.net/1804032771727831040_1725420509444_74819","https://d2rzb4l4v26llp.cloudfront.net/1804032771727831040_1725420512736_33054"
"https://d2rzb4l4v26llp.cloudfront.net/1804032771727831040_1725161617633_88127","https://d2rzb4l4v26llp.cloudfront.net/1804032771727831040_1725420468282_1094"
"https://d2rzb4l4v26llp.cloudfront.net/1829803290297106432_1725419733643_23381","https://d2rzb4l4v26llp.cloudfront.net/1829803290297106432_1725420320505_95216"
"https://d2rzb4l4v26llp.cloudfront.net/1820233910462717952_1725418920659_98592","https://d2rzb4l4v26llp.cloudfront.net/1820233910462717952_1725420120895_73989"
"https://d2rzb4l4v26llp.cloudfront.net/1830768268202221568_1725324530320_10551","https://d2rzb4l4v26llp.cloudfront.net/1830768268202221568_1725419717816_5423"
"https://d2rzb4l4v26llp.cloudfront.net/1831166417957818368_1725419529093_22112","https://d2rzb4l4v26llp.cloudfront.net/1831166417957818368_1725419679841_31622"
"https://d2rzb4l4v26llp.cloudfront.net/1829803290297106432_1725095307589_63168","https://d2rzb4l4v26llp.cloudfront.net/1829803290297106432_1725419657567_16272"
"https://d2rzb4l4v26llp.cloudfront.net/1810764886389555200_1721956731097_68148","https://d2rzb4l4v26llp.cloudfront.net/1810764886389555200_1725419501330_22745"
"https://d2rzb4l4v26llp.cloudfront.net/1831164241302781952_1725418703982_8645","https://d2rzb4l4v26llp.cloudfront.net/1831164241302781952_1725419366026_72743"
"https://d2rzb4l4v26llp.cloudfront.net/1822673129932062720_1725329880882_80284","https://d2rzb4l4v26llp.cloudfront.net/1822673129932062720_1725418952261_48496"
"https://d2rzb4l4v26llp.cloudfront.net/1820233910462717952_1725400706852_34890","https://d2rzb4l4v26llp.cloudfront.net/1820233910462717952_1725418861491_94032"
"https://d2rzb4l4v26llp.cloudfront.net/1831137129070071808_1725418841098_90456","https://d2rzb4l4v26llp.cloudfront.net/1831137129070071808_1725418854575_12338"
"https://d2rzb4l4v26llp.cloudfront.net/1825889373233618944_1725379684140_85620","https://d2rzb4l4v26llp.cloudfront.net/1825889373233618944_1725418849214_46236"
"https://d2rzb4l4v26llp.cloudfront.net/1831137129070071808_1725412156689_44762","https://d2rzb4l4v26llp.cloudfront.net/1831137129070071808_1725418812130_39137"
"https://d2rzb4l4v26llp.cloudfront.net/1831164538855100416_1725418757450_58992","https://d2rzb4l4v26llp.cloudfront.net/1831164538855100416_1725418770251_46349"
"https://d2rzb4l4v26llp.cloudfront.net/1831156871969374208_1725418481617_66811","https://d2rzb4l4v26llp.cloudfront.net/1831156871969374208_1725418557154_63308"
"https://d2rzb4l4v26llp.cloudfront.net/1831034034193436672_1725417592585_11512","https://d2rzb4l4v26llp.cloudfront.net/1831034034193436672_1725418558281_20435"
"https://d2rzb4l4v26llp.cloudfront.net/1831160743089672192_1725418037175_10938","https://d2rzb4l4v26llp.cloudfront.net/1831160743089672192_1725418079305_36552"
"https://d2rzb4l4v26llp.cloudfront.net/1825265421947781120_1725238453593_9842","https://d2rzb4l4v26llp.cloudfront.net/1825265421947781120_1725418000166_4017"
"https://d2rzb4l4v26llp.cloudfront.net/1831157740026728448_1725417738879_7704","https://d2rzb4l4v26llp.cloudfront.net/1831157740026728448_1725417879248_82351"
"https://d2rzb4l4v26llp.cloudfront.net/1831157740026728448_1725417600923_83080","https://d2rzb4l4v26llp.cloudfront.net/1831157740026728448_1725417614183_2881"
"https://d2rzb4l4v26llp.cloudfront.net/1783615173441884160_1725417073606_96625","https://d2rzb4l4v26llp.cloudfront.net/1783615173441884160_1725417149108_18579"
"https://d2rzb4l4v26llp.cloudfront.net/1831157711522238464_1725417067957_86960","https://d2rzb4l4v26llp.cloudfront.net/1831157711522238464_1725417089021_84760"
"https://d2rzb4l4v26llp.cloudfront.net/1831034034193436672_1725416196944_88654","https://d2rzb4l4v26llp.cloudfront.net/1831034034193436672_1725417015486_40792"
"https://d2rzb4l4v26llp.cloudfront.net/1831153804871995392_1725416735915_87180","https://d2rzb4l4v26llp.cloudfront.net/1831153804871995392_1725416834110_61589"
"https://d2rzb4l4v26llp.cloudfront.net/1831136715096457216_1725412052419_71871","https://d2rzb4l4v26llp.cloudfront.net/1831136715096457216_1725416741133_51016"
"https://d2rzb4l4v26llp.cloudfront.net/1822057720266620928_1724816260758_9850","https://d2rzb4l4v26llp.cloudfront.net/1822057720266620928_1725416596558_36621"
"https://d2rzb4l4v26llp.cloudfront.net/1824228605308190720_1725416259423_72619","https://d2rzb4l4v26llp.cloudfront.net/1824228605308190720_1725416268750_3460"
"https://d2rzb4l4v26llp.cloudfront.net/1831034034193436672_1725409409385_21567","https://d2rzb4l4v26llp.cloudfront.net/1831034034193436672_1725416171073_64868"
"https://d2rzb4l4v26llp.cloudfront.net/1824228605308190720_1725350716663_86090","https://d2rzb4l4v26llp.cloudfront.net/1824228605308190720_1725416100097_50310"
"https://d2rzb4l4v26llp.cloudfront.net/1830938749119234048_1725415864526_60698","https://d2rzb4l4v26llp.cloudfront.net/1830938749119234048_1725416004036_53983"
"https://d2rzb4l4v26llp.cloudfront.net/1831151810308472832_1725415658152_37270","https://d2rzb4l4v26llp.cloudfront.net/1831151810308472832_1725415667661_50051"
"https://d2rzb4l4v26llp.cloudfront.net/1827917547966570496_1724997225685_30989","https://d2rzb4l4v26llp.cloudfront.net/1827917547966570496_1725415639630_63429"
"https://d2rzb4l4v26llp.cloudfront.net/1831148799297327104_1725415231034_94774","https://d2rzb4l4v26llp.cloudfront.net/1831148799297327104_1725415624773_62044"
"https://d2rzb4l4v26llp.cloudfront.net/1831149340777775104_1725415546760_95636","https://d2rzb4l4v26llp.cloudfront.net/1831149340777775104_1725415583001_58337"
"https://d2rzb4l4v26llp.cloudfront.net/1831035078289915904_1725414783878_29747","https://d2rzb4l4v26llp.cloudfront.net/1831035078289915904_1725414805916_67544"
"https://d2rzb4l4v26llp.cloudfront.net/1811070324184186880_1725414618871_52811","https://d2rzb4l4v26llp.cloudfront.net/1811070324184186880_1725414660063_94978"
"https://d2rzb4l4v26llp.cloudfront.net/1831147154459066368_1725414540560_74123","https://d2rzb4l4v26llp.cloudfront.net/1831147154459066368_1725414547228_85779"
"https://d2rzb4l4v26llp.cloudfront.net/1819206710812749824_1725413935022_31045","https://d2rzb4l4v26llp.cloudfront.net/1819206710812749824_1725414347355_7254"
"https://d2rzb4l4v26llp.cloudfront.net/1831144429369425920_1725414034696_97112","https://d2rzb4l4v26llp.cloudfront.net/1831144429369425920_1725414061212_35760"
"https://d2rzb4l4v26llp.cloudfront.net/1818058567819735040_1725413527783_70164","https://d2rzb4l4v26llp.cloudfront.net/1818058567819735040_1725413622113_63466"
"https://d2rzb4l4v26llp.cloudfront.net/1818058567819735040_1725412780899_97379","https://d2rzb4l4v26llp.cloudfront.net/1818058567819735040_1725412795980_19236"
"https://d2rzb4l4v26llp.cloudfront.net/1821117454156304384_1725413327610_76509","https://d2rzb4l4v26llp.cloudfront.net/1821117454156304384_1725413334533_37324"
"https://d2rzb4l4v26llp.cloudfront.net/1828966462761472000_1725381814885_44831","https://d2rzb4l4v26llp.cloudfront.net/1828966462761472000_1725413251276_99269"
"https://d2rzb4l4v26llp.cloudfront.net/1821117454156304384_1725336340565_55033","https://d2rzb4l4v26llp.cloudfront.net/1821117454156304384_1725413300769_23029"
"https://d2rzb4l4v26llp.cloudfront.net/1811070324184186880_1725413216996_33347","https://d2rzb4l4v26llp.cloudfront.net/1811070324184186880_1725413221567_2968"
"https://d2rzb4l4v26llp.cloudfront.net/1811070324184186880_1725413158539_54528","https://d2rzb4l4v26llp.cloudfront.net/1811070324184186880_1725413173799_83299"
"https://d2rzb4l4v26llp.cloudfront.net/1831140210662969344_1725413077287_81483","https://d2rzb4l4v26llp.cloudfront.net/1831140210662969344_1725413091599_10529"
"https://d2rzb4l4v26llp.cloudfront.net/1811070324184186880_1725413039143_53509","https://d2rzb4l4v26llp.cloudfront.net/1811070324184186880_1725413043979_16661"
"https://d2rzb4l4v26llp.cloudfront.net/1811070324184186880_1725412889051_52627","https://d2rzb4l4v26llp.cloudfront.net/1811070324184186880_1725412896092_80577"
"https://d2rzb4l4v26llp.cloudfront.net/1811070324184186880_1725412719676_60146","https://d2rzb4l4v26llp.cloudfront.net/1811070324184186880_1725412728728_3069"
"https://d2rzb4l4v26llp.cloudfront.net/1818058567819735040_1725394246568_64762","https://d2rzb4l4v26llp.cloudfront.net/1818058567819735040_1725412721010_95101"
"https://d2rzb4l4v26llp.cloudfront.net/1821722443547414528_1723167619701_71565","https://d2rzb4l4v26llp.cloudfront.net/1821722443547414528_1725412510493_40406"
"https://d2rzb4l4v26llp.cloudfront.net/1826319843360514048_1724537343796_77374","https://d2rzb4l4v26llp.cloudfront.net/1826319843360514048_1725412399355_85230"
"https://d2rzb4l4v26llp.cloudfront.net/1831138258474500096_1725412415329_56937","https://d2rzb4l4v26llp.cloudfront.net/1831138258474500096_1725412486946_26346"
"https://d2rzb4l4v26llp.cloudfront.net/1827575874078130176_1725323365873_70708","https://d2rzb4l4v26llp.cloudfront.net/1827575874078130176_1725412254928_58631"
"https://d2rzb4l4v26llp.cloudfront.net/1831135383572713472_1725412117355_94206","https://d2rzb4l4v26llp.cloudfront.net/1831135383572713472_1725412177107_16354"
"https://d2rzb4l4v26llp.cloudfront.net/1798706203186966528_1725321609072_24862","https://d2rzb4l4v26llp.cloudfront.net/1798706203186966528_1725411769951_78956"
"https://d2rzb4l4v26llp.cloudfront.net/1822676721954979840_1725411036898_45969","https://d2rzb4l4v26llp.cloudfront.net/1822676721954979840_1725411447676_61529"
"https://d2rzb4l4v26llp.cloudfront.net/1810952289305759744_1725271093575_3169","https://d2rzb4l4v26llp.cloudfront.net/1810952289305759744_1725411211258_40108"
"https://d2rzb4l4v26llp.cloudfront.net/1809532353148628992_1725411215417_55142","https://d2rzb4l4v26llp.cloudfront.net/1809532353148628992_1725411218875_31761"
"https://d2rzb4l4v26llp.cloudfront.net/1821065787985633280_1724831881195_3786","https://d2rzb4l4v26llp.cloudfront.net/1821065787985633280_1725411158709_55487"
"https://d2rzb4l4v26llp.cloudfront.net/1831125973114818560_1725410103284_66952","https://d2rzb4l4v26llp.cloudfront.net/1831125973114818560_1725410112083_8140"
"https://d2rzb4l4v26llp.cloudfront.net/1819139922490032128_1725391752004_55421","https://d2rzb4l4v26llp.cloudfront.net/1819139922490032128_1725409953137_83711"
"https://d2rzb4l4v26llp.cloudfront.net/1831126695189413888_1725409691454_44729","https://d2rzb4l4v26llp.cloudfront.net/1831126695189413888_1725409719605_56515"
"https://d2rzb4l4v26llp.cloudfront.net/1822676721954979840_1725409630810_47684","https://d2rzb4l4v26llp.cloudfront.net/1822676721954979840_1725409661264_31004"
"https://d2rzb4l4v26llp.cloudfront.net/1825715708084895744_1725409455232_48158","https://d2rzb4l4v26llp.cloudfront.net/1825715708084895744_1725409507205_59362"
"https://d2rzb4l4v26llp.cloudfront.net/1831118056500232192_1725408042965_40640","https://d2rzb4l4v26llp.cloudfront.net/1831118056500232192_1725409494076_44218"
"https://d2rzb4l4v26llp.cloudfront.net/1831125973114818560_1725409471206_53739","https://d2rzb4l4v26llp.cloudfront.net/1831125973114818560_1725409477892_18385"
"https://d2rzb4l4v26llp.cloudfront.net/1825715708084895744_1725409219409_9774","https://d2rzb4l4v26llp.cloudfront.net/1825715708084895744_1725409402382_83509"
"https://d2rzb4l4v26llp.cloudfront.net/1806152235416027136_1724332981050_55108","https://d2rzb4l4v26llp.cloudfront.net/1806152235416027136_1725409345884_65902"
"https://d2rzb4l4v26llp.cloudfront.net/1825715708084895744_1725409123558_34931","https://d2rzb4l4v26llp.cloudfront.net/1825715708084895744_1725409127613_5388"
"https://d2rzb4l4v26llp.cloudfront.net/1825715708084895744_1725408968207_26107","https://d2rzb4l4v26llp.cloudfront.net/1825715708084895744_1725409082687_47285"
"https://d2rzb4l4v26llp.cloudfront.net/1811383889181032448_1725409071260_28089","https://d2rzb4l4v26llp.cloudfront.net/1811383889181032448_1725409074562_37931"
"https://d2rzb4l4v26llp.cloudfront.net/1812515162205192192_1724590337964_53803","https://d2rzb4l4v26llp.cloudfront.net/1812515162205192192_1725409008281_19327"
"https://d2rzb4l4v26llp.cloudfront.net/1825715708084895744_1725369626755_17747","https://d2rzb4l4v26llp.cloudfront.net/1825715708084895744_1725408890691_86269"
"https://d2rzb4l4v26llp.cloudfront.net/1831006045879664640_1725408554940_84932","https://d2rzb4l4v26llp.cloudfront.net/1831006045879664640_1725408595608_21769"
"https://d2rzb4l4v26llp.cloudfront.net/1827900362615422976_1725407641918_34320","https://d2rzb4l4v26llp.cloudfront.net/1827900362615422976_1725408539021_76379"
"https://d2rzb4l4v26llp.cloudfront.net/1821878867380416512_1725408454594_78983","https://d2rzb4l4v26llp.cloudfront.net/1821878867380416512_1725408457663_23164"
"https://d2rzb4l4v26llp.cloudfront.net/1816602992002994176_1725408398349_74057","https://d2rzb4l4v26llp.cloudfront.net/1816602992002994176_1725408408300_8274"
"https://d2rzb4l4v26llp.cloudfront.net/1816602992002994176_1725408127789_64073","https://d2rzb4l4v26llp.cloudfront.net/1816602992002994176_1725408281921_16052"
"https://d2rzb4l4v26llp.cloudfront.net/1816602992002994176_1725407882747_25917","https://d2rzb4l4v26llp.cloudfront.net/1816602992002994176_1725408096464_45705"
"https://d2rzb4l4v26llp.cloudfront.net/1816602992002994176_1725407796529_33711","https://d2rzb4l4v26llp.cloudfront.net/1816602992002994176_1725407856185_34575"
"https://d2rzb4l4v26llp.cloudfront.net/1816602992002994176_1725407609853_63797","https://d2rzb4l4v26llp.cloudfront.net/1816602992002994176_1725407764062_1354"
"https://d2rzb4l4v26llp.cloudfront.net/1824819725503315968_1725407656194_60128","https://d2rzb4l4v26llp.cloudfront.net/1824819725503315968_1725407730737_78695"
"https://d2rzb4l4v26llp.cloudfront.net/1830995515840397312_1725387451152_83159","https://d2rzb4l4v26llp.cloudfront.net/1830995515840397312_1725407632283_78481"
"https://d2rzb4l4v26llp.cloudfront.net/1793404274357579776_1725407579957_9644","https://d2rzb4l4v26llp.cloudfront.net/1793404274357579776_1725407603117_43350"
"https://d2rzb4l4v26llp.cloudfront.net/1816602992002994176_1725406988581_68933","https://d2rzb4l4v26llp.cloudfront.net/1816602992002994176_1725407563458_79664"
"https://d2rzb4l4v26llp.cloudfront.net/1793404274357579776_1725407540096_54999","https://d2rzb4l4v26llp.cloudfront.net/1793404274357579776_1725407561629_12793"
"https://d2rzb4l4v26llp.cloudfront.net/1827900362615422976_1725407500233_96724","https://d2rzb4l4v26llp.cloudfront.net/1827900362615422976_1725407520184_56682"
"https://d2rzb4l4v26llp.cloudfront.net/1831109513718009856_1725406319549_76854","https://d2rzb4l4v26llp.cloudfront.net/1831109513718009856_1725407442858_61903"
"https://d2rzb4l4v26llp.cloudfront.net/1793404274357579776_1725407317707_21876","https://d2rzb4l4v26llp.cloudfront.net/1793404274357579776_1725407393434_16376"
"https://d2rzb4l4v26llp.cloudfront.net/1828295329699594240_1725383387973_97233","https://d2rzb4l4v26llp.cloudfront.net/1828295329699594240_1725407289477_26951"
"https://d2rzb4l4v26llp.cloudfront.net/1793404274357579776_1725407239898_89007","https://d2rzb4l4v26llp.cloudfront.net/1793404274357579776_1725407244460_59102"
"https://d2rzb4l4v26llp.cloudfront.net/1793404274357579776_1725407211236_88587","https://d2rzb4l4v26llp.cloudfront.net/1793404274357579776_1725407219744_36273"
"https://d2rzb4l4v26llp.cloudfront.net/1821303559715557376_1725407077296_42093","https://d2rzb4l4v26llp.cloudfront.net/1821303559715557376_1725407085298_71271"
"https://d2rzb4l4v26llp.cloudfront.net/1830590356618481664_1725283028008_94150","https://d2rzb4l4v26llp.cloudfront.net/1830590356618481664_1725407041233_33097"
"https://d2rzb4l4v26llp.cloudfront.net/1827900362615422976_1725406742918_24981","https://d2rzb4l4v26llp.cloudfront.net/1827900362615422976_1725406865105_94675"
"https://d2rzb4l4v26llp.cloudfront.net/1819988931001716736_1725405671450_49920","https://d2rzb4l4v26llp.cloudfront.net/1819988931001716736_1725406746157_35608"
"https://d2rzb4l4v26llp.cloudfront.net/1827900362615422976_1725406714865_1969","https://d2rzb4l4v26llp.cloudfront.net/1827900362615422976_1725406720415_86891"
"https://d2rzb4l4v26llp.cloudfront.net/1827900362615422976_1725406561241_53593","https://d2rzb4l4v26llp.cloudfront.net/1827900362615422976_1725406683488_72586"
"https://d2rzb4l4v26llp.cloudfront.net/1827900362615422976_1725406528675_21826","https://d2rzb4l4v26llp.cloudfront.net/1827900362615422976_1725406536399_63267"
"https://d2rzb4l4v26llp.cloudfront.net/1827900362615422976_1725406488877_7787","https://d2rzb4l4v26llp.cloudfront.net/1827900362615422976_1725406494407_81686"
"https://d2rzb4l4v26llp.cloudfront.net/1827900362615422976_1725406452998_32815","https://d2rzb4l4v26llp.cloudfront.net/1827900362615422976_1725406462041_55614"
"https://d2rzb4l4v26llp.cloudfront.net/1831109513718009856_1725406251914_53034","https://d2rzb4l4v26llp.cloudfront.net/1831109513718009856_1725406271984_68846"
"https://d2rzb4l4v26llp.cloudfront.net/1827900362615422976_1725406130694_99580","https://d2rzb4l4v26llp.cloudfront.net/1827900362615422976_1725406137956_88926"
"https://d2rzb4l4v26llp.cloudfront.net/1827900362615422976_1725405880785_41136","https://d2rzb4l4v26llp.cloudfront.net/1827900362615422976_1725406071211_44086"
"https://d2rzb4l4v26llp.cloudfront.net/1827900362615422976_1725405744904_10285","https://d2rzb4l4v26llp.cloudfront.net/1827900362615422976_1725405817894_36053"
"https://d2rzb4l4v26llp.cloudfront.net/1831034034193436672_1725394942241_2959","https://d2rzb4l4v26llp.cloudfront.net/1831034034193436672_1725405799677_96084"
"https://d2rzb4l4v26llp.cloudfront.net/1793404274357579776_1725405797261_68950","https://d2rzb4l4v26llp.cloudfront.net/1793404274357579776_1725405800223_46974"
"https://d2rzb4l4v26llp.cloudfront.net/1831110388201029632_1725405781356_69827","https://d2rzb4l4v26llp.cloudfront.net/1831110388201029632_1725405790904_73775"
"https://d2rzb4l4v26llp.cloudfront.net/1831109658463436800_1725405673386_72126","https://d2rzb4l4v26llp.cloudfront.net/1831109658463436800_1725405686160_65926"
"https://d2rzb4l4v26llp.cloudfront.net/1827900362615422976_1725398129835_48683","https://d2rzb4l4v26llp.cloudfront.net/1827900362615422976_1725405692173_76064"
"https://d2rzb4l4v26llp.cloudfront.net/1826234482638716928_1725288487041_72713","https://d2rzb4l4v26llp.cloudfront.net/1826234482638716928_1725405652128_26683"
"https://d2rzb4l4v26llp.cloudfront.net/1793404274357579776_1725405608428_71352","https://d2rzb4l4v26llp.cloudfront.net/1793404274357579776_1725405613336_51144"
"https://d2rzb4l4v26llp.cloudfront.net/1793404274357579776_1725405416666_82520","https://d2rzb4l4v26llp.cloudfront.net/1793404274357579776_1725405557034_39612"
"https://d2rzb4l4v26llp.cloudfront.net/1828150646872743936_1725404743995_49947","https://d2rzb4l4v26llp.cloudfront.net/1828150646872743936_1725405545911_1608"
"https://d2rzb4l4v26llp.cloudfront.net/1831109167448850432_1725405496443_79739","https://d2rzb4l4v26llp.cloudfront.net/1831109167448850432_1725405529027_77994"
